IP地址,最小延迟(ms),最大延迟(ms),平均延迟(ms),丢包率(%)
172.67.71.208,120,164,148,0
172.67.77.210,123,205,149,0
104.26.4.219,121,173,150,0
104.18.249.143,149,226,190,0
198.41.219.127,171,258,192,0
104.18.148.100,163,244,194,0
104.18.139.233,166,227,194,0
104.19.216.135,166,238,194,0
104.16.227.108,171,244,196,0
104.19.184.59,158,235,197,0
104.17.15.167,180,218,197,0
104.17.237.20,173,222,197,0
104.16.62.80,171,264,198,0
104.21.230.245,154,234,199,0
104.17.112.30,156,257,199,0
104.17.227.162,170,278,200,0
104.17.189.40,158,257,200,0
104.16.157.159,175,219,201,0
104.17.170.172,161,238,201,0
104.18.204.157,165,232,201,0
104.18.152.243,171,225,201,0
104.21.239.249,171,238,201,0
104.17.246.20,170,269,201,0
104.16.26.56,176,237,202,0
104.16.23.61,184,221,203,0
162.159.35.35,180,238,204,0
104.18.175.22,166,260,204,0
104.16.132.124,175,266,204,0
104.17.208.165,171,226,204,0
104.16.170.245,173,219,205,0
104.17.151.106,173,233,205,0
104.19.183.248,162,245,205,0
104.16.177.245,176,246,205,0
104.21.237.72,175,231,205,0
104.16.61.26,182,233,205,0
104.17.48.106,184,278,207,0
104.16.32.80,185,254,207,0
104.16.147.72,169,289,207,0
104.19.165.107,182,237,207,0
104.18.99.126,175,242,207,0
104.18.236.252,171,269,208,0
104.16.48.164,175,236,208,0
104.17.17.231,176,241,208,0
104.16.194.165,167,249,208,0
104.18.74.111,177,248,208,0
104.16.53.57,186,250,208,0
104.16.128.121,170,238,208,0
104.18.97.36,189,236,208,0
104.17.220.192,161,268,209,0
104.17.241.67,174,243,209,0
104.16.127.249,185,231,209,0
104.19.172.187,182,228,209,0
104.18.167.4,169,243,209,0
104.18.208.155,176,269,209,0
104.17.141.233,178,246,209,0
104.16.0.221,178,256,209,0
104.18.209.71,170,258,209,0
104.16.60.14,170,267,209,0
104.16.103.1,172,256,209,0
104.16.218.143,166,240,210,0
104.16.181.40,179,233,210,0
104.16.188.46,189,231,210,0
104.18.112.127,188,242,210,0
104.17.213.247,185,269,211,0
190.93.246.6,176,270,211,0
104.16.159.121,175,249,211,0
104.19.188.57,165,266,211,0
104.18.193.163,188,238,211,0
104.18.140.102,181,251,211,0
162.159.34.40,192,238,211,0
104.18.181.92,172,286,212,0
104.19.186.187,184,269,212,0
104.18.244.31,170,294,212,0
104.19.191.113,189,234,212,0
104.16.35.72,185,274,213,0
104.16.165.9,161,287,213,0
104.16.89.5,199,237,213,0
104.21.238.157,173,234,213,0
104.18.138.141,180,249,213,0
104.18.252.118,179,261,213,0
104.16.209.36,179,287,213,0
104.17.255.106,173,280,213,0
104.17.169.98,175,261,213,0
104.18.153.227,178,265,214,0
104.18.48.76,187,264,214,0
104.16.200.153,177,277,215,0
104.16.216.106,199,245,215,0
104.18.127.165,172,281,215,0
104.17.184.191,168,256,215,0
104.19.174.220,174,283,215,0
104.18.219.44,196,236,215,0
104.18.49.153,183,256,215,0
104.16.229.24,193,244,215,0
104.17.53.198,162,256,215,0
104.18.95.123,183,281,215,0
104.17.8.121,164,256,215,0
104.17.96.133,183,250,215,0
104.18.194.46,188,276,215,0
104.18.50.254,194,255,216,0
162.159.43.198,199,250,216,0
104.17.132.226,157,269,216,0
104.16.97.141,163,249,216,0
104.18.132.29,183,259,216,0
104.17.128.93,183,280,217,0
104.16.30.5,199,232,217,0
104.16.237.105,192,293,217,0
104.16.244.219,164,255,217,0
104.17.230.170,204,247,217,0
104.19.253.9,178,262,218,0
104.19.168.199,180,280,218,0
104.24.45.215,178,247,218,0
172.67.82.143,184,254,218,0
104.17.94.108,185,247,218,0
104.24.146.29,180,247,218,0
104.16.184.106,190,269,218,0
104.18.178.231,176,254,218,0
104.21.234.159,175,251,218,0
104.16.195.154,172,256,218,0
104.17.77.245,177,280,218,0
104.16.168.6,184,253,218,0
104.17.217.64,187,251,218,0
104.27.207.23,187,254,218,0
104.17.212.98,172,280,218,0
162.159.9.170,187,253,218,0
104.17.240.32,173,273,218,0
104.18.171.127,164,270,219,0
104.17.160.68,203,261,219,0
104.16.28.86,197,256,219,0
104.17.131.43,182,238,219,0
104.24.82.72,192,245,219,0
104.21.217.64,187,246,219,0
104.18.182.250,177,259,219,0
104.19.176.127,196,243,219,0
172.64.81.181,186,249,219,0
162.159.130.122,181,252,219,0
104.16.182.48,192,248,220,0
104.21.4.9,183,250,220,0
104.16.24.37,200,254,220,0
104.18.223.54,204,258,220,0
104.19.153.207,199,245,220,0
104.24.179.249,188,269,220,0
104.17.222.37,171,258,220,0
104.17.85.73,201,238,220,0
104.19.230.201,188,271,220,0
104.16.95.165,198,247,220,0
104.24.14.203,186,256,220,0
104.17.111.253,182,259,220,0
172.67.92.243,181,248,220,0
104.22.73.57,191,254,220,0
104.24.92.213,180,246,220,0
104.18.155.198,190,242,220,0
104.17.61.69,201,251,221,0
162.159.135.184,177,252,221,0
104.25.37.81,190,248,221,0
104.16.15.124,189,263,221,0
104.18.131.103,165,258,221,0
104.23.136.181,184,251,221,0
104.18.207.175,173,254,221,0
104.18.184.73,183,276,221,0
104.16.164.82,193,256,221,0
104.17.203.131,208,256,221,0
104.25.121.200,195,256,221,0
104.17.0.150,181,294,221,0
104.25.84.101,193,252,221,0
104.21.229.242,200,246,221,0
104.25.227.8,191,244,221,0
104.24.183.123,187,248,221,0
104.16.78.255,186,281,222,0
104.23.138.109,194,248,222,0
104.16.86.81,185,274,222,0
104.25.90.213,188,250,222,0
104.17.153.85,182,251,222,0
104.18.202.27,191,250,222,0
104.17.80.53,191,253,222,0
104.24.12.66,192,257,222,0
104.27.193.43,185,247,222,0
104.27.75.82,196,255,222,0
104.18.163.95,191,275,222,0
104.18.159.244,188,277,222,0
104.24.95.108,182,253,222,0
104.16.49.148,182,270,222,0
104.25.126.158,183,290,222,0
104.16.125.95,198,278,223,0
104.19.45.183,197,248,223,0
104.27.6.25,192,256,223,0
104.19.55.108,191,255,223,0
104.24.131.10,186,263,223,0
162.159.247.169,193,253,223,0
104.16.83.16,190,247,223,0
104.19.6.72,190,253,223,0
104.24.210.20,188,254,223,0
104.18.154.169,198,240,223,0
104.18.122.82,199,262,223,0
104.18.10.88,196,244,223,0
104.22.20.77,191,264,223,0
104.25.53.114,194,251,223,0
104.19.242.75,181,247,223,0
104.19.16.95,194,256,224,0
104.16.112.100,180,250,224,0
172.67.22.115,200,251,224,0
104.17.206.188,195,275,224,0
104.18.17.21,189,255,224,0
104.19.229.190,203,244,224,0
104.19.25.117,193,250,224,0
172.67.39.171,189,252,224,0
104.27.60.191,176,259,224,0
104.16.129.237,204,267,224,0
141.101.115.155,204,244,224,0
104.18.224.29,206,264,224,0
104.25.20.11,201,251,224,0
104.21.196.195,204,247,224,0
172.67.233.59,184,247,224,0
104.18.103.238,203,281,224,0
104.17.186.63,182,255,224,0
104.17.244.202,210,267,224,0
172.67.166.106,192,272,224,0
104.24.225.250,190,254,225,0
104.17.164.11,199,251,225,0
104.21.214.191,174,253,225,0
172.67.155.29,191,252,225,0
104.18.9.69,189,262,225,0
104.17.134.54,176,254,225,0
104.16.66.114,187,262,225,0
104.17.20.123,191,271,225,0
104.21.36.77,195,253,225,0
172.67.165.194,201,262,225,0
104.19.179.107,199,258,225,0
104.18.40.27,190,253,225,0
104.21.48.249,182,254,225,0
172.66.46.108,202,255,225,0
172.67.122.136,196,256,225,0
104.27.11.171,187,251,225,0
162.159.40.98,198,254,225,0
104.17.202.94,204,248,225,0
104.19.67.153,191,252,225,0
104.23.104.241,184,270,225,0
104.16.57.223,184,270,225,0
172.67.48.169,196,256,225,0
104.25.89.240,190,251,225,0
104.22.65.108,190,261,226,0
172.67.104.139,190,250,226,0
172.67.145.23,191,257,226,0
104.18.214.125,187,265,226,0
104.18.191.190,212,243,226,0
104.24.130.179,182,267,226,0
104.24.135.161,194,254,226,0
104.25.100.192,182,260,226,0
104.25.228.216,192,255,226,0
104.16.17.199,196,252,226,0
162.159.6.220,203,254,226,0
104.25.95.14,200,256,226,0
172.67.209.57,189,252,226,0
104.25.131.167,199,255,226,0
104.24.239.112,196,259,226,0
104.27.99.2,188,244,226,0
104.19.49.188,194,266,226,0
172.67.55.113,198,250,226,0
104.19.246.180,213,254,226,0
104.17.138.183,194,248,226,0
162.159.254.203,194,262,226,0
104.16.213.167,191,279,226,0
104.17.136.209,183,262,226,0
104.27.56.57,193,249,226,0
104.17.10.52,193,298,226,0
104.19.201.68,191,255,226,0
172.64.92.137,187,258,226,0
104.24.193.224,199,259,226,0
104.24.77.225,202,264,226,0
104.18.160.95,182,270,227,0
104.24.61.171,179,256,227,0
104.16.117.34,203,244,227,0
104.25.136.0,195,258,227,0
104.18.179.187,202,251,227,0
104.19.35.217,182,265,227,0
104.24.254.91,187,268,227,0
104.18.220.226,185,255,227,0
172.67.30.97,196,257,227,0
162.159.58.72,203,254,227,0
198.41.199.227,191,260,227,0
104.23.105.104,187,265,227,0
104.19.95.150,193,249,227,0
104.27.76.223,179,254,227,0
103.21.244.106,189,267,227,0
104.16.197.170,170,269,227,0
104.18.213.181,192,252,227,0
104.22.13.59,201,250,227,0
104.22.28.134,193,258,227,0
104.16.84.66,190,253,227,0
172.67.228.138,183,250,227,0
104.19.70.173,185,258,227,0
104.18.19.236,196,257,228,0
162.159.253.95,199,260,228,0
104.23.98.175,196,269,228,0
104.21.18.169,188,273,228,0
104.21.201.91,197,261,228,0
104.18.37.1,198,256,228,0
172.67.144.193,198,258,228,0
104.17.41.132,217,241,228,0
172.67.198.68,185,260,228,0
104.25.45.203,201,248,228,0
104.21.5.249,192,260,228,0
104.17.23.76,198,260,228,0
104.25.92.180,190,255,228,0
104.16.114.204,189,264,228,0
104.21.74.180,189,256,228,0
104.27.73.36,192,252,228,0
104.16.71.82,189,266,228,0
104.25.149.122,199,263,228,0
104.23.132.243,190,254,228,0
104.24.186.87,192,265,228,0
104.19.44.202,191,269,228,0
104.16.131.30,197,281,228,0
172.67.62.236,186,256,228,0
104.17.102.188,198,273,228,0
104.18.76.3,203,271,228,0
104.21.70.12,180,258,228,0
104.18.197.215,193,260,228,0
172.67.131.20,183,258,228,0
172.64.176.31,198,271,228,0
172.64.82.61,182,270,228,0
104.17.37.88,195,259,228,0
104.20.12.184,188,263,229,0
172.67.236.248,199,266,229,0
104.19.154.179,214,247,229,0
162.159.5.201,195,275,229,0
172.64.91.189,200,257,229,0
162.159.213.124,198,260,229,0
104.21.63.207,206,263,229,0
104.16.100.157,189,249,229,0
104.24.151.194,199,266,229,0
104.19.133.11,196,279,229,0
104.19.135.118,193,282,229,0
104.18.16.72,190,261,229,0
104.20.10.48,197,255,229,0
104.21.202.251,200,253,229,0
104.22.14.10,203,252,229,0
104.19.146.203,183,272,229,0
104.27.51.73,200,263,229,0
23.227.38.125,197,260,229,0
104.25.19.90,206,257,229,0
104.24.139.154,196,262,229,0
104.27.23.77,199,253,229,0
104.23.133.201,178,272,229,0
104.25.70.21,194,265,229,0
172.67.226.73,205,256,229,0
104.19.114.82,202,256,229,0
104.25.221.46,198,262,229,0
104.24.197.190,203,262,229,0
104.17.152.230,206,255,229,0
198.41.194.229,187,271,230,0
104.23.97.126,198,254,230,0
104.24.83.163,197,267,230,0
104.18.147.241,192,268,230,0
162.159.19.162,189,286,230,0
104.25.119.81,192,271,230,0
172.67.152.2,200,255,230,0
104.25.112.38,193,257,230,0
104.21.41.94,198,263,230,0
104.19.91.172,207,267,230,0
104.18.215.13,182,258,230,0
162.159.206.13,195,261,230,0
104.17.123.7,193,261,230,0
162.159.134.29,200,258,230,0
172.64.94.185,192,280,230,0
104.27.89.1,207,257,230,0
104.18.234.138,181,274,230,0
104.24.168.75,198,257,230,0
104.17.150.34,212,268,230,0
104.19.34.176,201,273,230,0
104.27.66.58,200,262,230,0
104.16.232.180,198,266,230,0
104.24.172.211,202,263,230,0
104.25.4.51,194,273,230,0
104.19.161.170,183,260,231,0
104.19.207.38,198,264,231,0
104.21.193.212,196,267,231,0
104.27.14.186,191,260,231,0
104.17.87.188,199,294,231,0
162.159.255.16,192,268,231,0
104.19.10.55,200,261,231,0
104.17.119.27,207,261,231,0
104.24.190.75,198,275,231,0
104.27.54.238,191,262,231,0
104.25.211.28,188,281,231,0
104.25.229.245,194,252,231,0
104.22.66.71,195,268,231,0
104.27.13.43,200,253,231,0
172.67.142.253,197,260,231,0
104.23.99.180,200,250,231,0
104.18.142.179,203,274,231,0
104.21.65.141,201,281,231,0
104.18.217.178,212,248,231,0
104.24.27.143,196,265,231,0
104.24.164.45,197,260,231,0
172.67.249.194,205,267,231,0
104.25.39.66,199,250,231,0
172.67.108.133,192,265,231,0
172.67.201.200,187,259,231,0
172.67.231.69,193,268,231,0
188.114.99.37,191,284,231,0
104.18.185.195,197,280,231,0
104.27.44.40,200,267,231,0
172.67.178.73,195,264,231,0
104.17.105.197,184,269,232,0
104.21.52.18,184,262,232,0
104.19.160.167,218,273,232,0
104.25.116.62,205,263,232,0
172.67.20.3,197,267,232,0
104.19.50.140,180,256,232,0
104.22.40.40,189,288,232,0
162.159.241.151,198,288,232,0
104.21.207.65,197,288,232,0
104.25.214.106,208,253,232,0
104.18.123.81,194,266,232,0
104.23.125.129,197,264,232,0
104.22.74.6,203,262,232,0
104.16.45.94,174,272,232,0
104.17.98.44,179,262,232,0
104.17.121.44,215,262,232,0
104.19.85.127,193,299,232,0
104.27.120.37,203,278,232,0
104.17.116.81,183,283,232,0
104.18.246.147,206,254,232,0
104.19.164.101,209,265,232,0
104.27.21.230,210,261,232,0
104.17.1.99,177,279,233,0
104.21.21.243,196,270,233,0
104.16.59.9,200,262,233,0
104.22.23.55,190,271,233,0
104.18.20.187,199,260,233,0
104.27.57.125,197,281,233,0
172.67.4.54,201,277,233,0
104.19.197.163,189,278,233,0
162.159.46.133,192,269,233,0
104.27.7.55,194,260,233,0
172.67.80.15,193,265,233,0
104.16.243.66,202,286,233,0
104.27.194.164,194,259,233,0
104.18.195.70,202,281,233,0
104.24.222.222,191,282,233,0
108.162.193.162,195,274,233,0
104.17.89.55,205,272,233,0
162.159.38.164,193,269,233,0
104.25.55.70,197,264,233,0
104.18.3.253,192,255,233,0
104.19.248.231,179,270,233,0
104.25.85.111,188,272,233,0
104.19.122.78,198,271,233,0
104.24.226.95,188,280,234,0
104.16.214.109,193,265,234,0
104.19.219.177,185,269,234,0
104.17.214.226,211,266,234,0
104.17.190.74,182,254,234,0
104.19.63.130,202,259,234,0
104.21.33.95,202,270,234,0
104.17.117.175,187,274,234,0
104.16.191.45,208,262,234,0
172.67.86.239,205,263,234,0
104.25.200.228,194,294,234,0
162.159.245.19,203,252,234,0
104.16.140.108,194,274,234,0
172.64.34.224,202,260,234,0
104.25.220.2,194,265,234,0
104.18.11.40,203,277,234,0
172.67.184.174,196,270,234,0
104.27.81.212,185,267,235,0
162.159.240.230,186,279,235,0
104.17.28.78,197,295,235,0
104.18.232.206,218,256,235,0
104.17.191.134,197,278,235,0
104.17.59.234,198,279,235,0
104.25.134.125,187,257,235,0
104.25.48.166,183,266,235,0
104.18.226.224,192,277,235,0
172.67.136.100,201,275,235,0
104.24.191.254,189,265,235,0
104.18.77.38,200,260,235,0
104.19.218.161,184,271,235,0
104.25.98.246,193,263,235,0
104.27.201.34,204,287,235,0
104.25.196.90,190,289,236,0
104.19.19.50,198,283,236,0
104.17.155.10,198,283,236,0
104.24.25.220,208,282,236,0
104.17.19.46,203,266,236,0
104.21.2.134,198,266,236,0
104.17.129.75,198,270,236,0
104.22.69.219,194,294,236,0
104.23.121.252,202,262,236,0
172.67.126.57,199,282,236,0
104.22.35.39,201,277,236,0
104.17.35.145,192,282,236,0
104.18.64.241,193,268,236,0
104.19.141.207,201,284,236,0
104.27.55.253,205,278,236,0
104.16.50.111,188,276,236,0
104.25.61.219,213,261,236,0
104.21.47.175,202,275,236,0
172.67.106.164,210,295,236,0
104.19.137.228,206,261,236,0
104.24.177.92,195,286,236,0
104.18.71.35,210,281,236,0
172.67.172.119,191,293,236,0
104.23.101.97,207,261,236,0
104.16.107.244,207,286,236,0
104.17.142.248,197,266,236,0
104.24.194.104,195,278,237,0
104.16.231.135,196,266,237,0
104.19.31.234,212,264,237,0
104.27.80.184,199,271,237,0
172.67.12.34,203,279,237,0
162.159.194.83,190,275,237,0
104.24.152.141,200,275,237,0
104.17.38.141,203,278,237,0
104.17.3.113,212,248,237,0
172.67.109.210,190,270,237,0
104.24.192.55,191,289,237,0
104.24.171.178,191,277,237,0
172.67.111.58,188,288,237,0
104.24.18.44,210,259,237,0
172.64.85.55,177,288,237,0
104.19.149.96,204,282,238,0
104.27.43.11,196,281,238,0
104.22.44.57,199,286,238,0
104.19.147.180,193,289,238,0
104.18.24.166,193,299,238,0
172.65.216.84,187,292,238,0
104.19.13.141,206,262,238,0
104.25.88.234,201,264,238,0
198.41.223.133,197,276,238,0
104.17.13.246,202,279,238,0
104.16.153.123,215,266,238,0
104.20.13.101,198,263,238,0
104.16.133.43,206,269,239,0
104.19.104.149,187,291,239,0
104.18.136.203,202,276,239,0
104.18.13.21,201,272,239,0
104.18.101.151,205,269,239,0
104.17.228.20,212,264,239,0
104.18.238.43,192,280,239,0
104.27.17.125,205,281,239,0
172.67.101.198,185,288,239,0
104.18.102.33,206,258,239,0
104.25.242.76,198,285,239,0
104.17.54.67,199,291,239,0
104.16.190.225,214,264,240,0
104.17.221.122,224,262,240,0
104.19.208.112,213,298,240,0
104.16.123.253,215,288,240,0
104.16.20.114,202,298,240,0
104.19.166.113,203,276,240,0
104.16.222.53,221,260,241,0
104.16.192.169,219,269,241,0
104.17.232.241,211,264,241,0
104.17.46.214,197,295,241,0
104.19.249.221,200,274,241,0
104.16.47.30,212,284,241,0
104.21.226.5,206,282,241,0
104.18.173.237,215,273,241,0
104.21.50.51,190,283,242,0
104.18.212.135,197,276,242,0
104.27.27.174,204,289,242,0
104.17.9.141,214,274,242,0
104.18.67.233,210,284,242,0
104.16.186.234,213,272,243,0
104.16.116.101,205,270,243,0
104.16.19.239,205,272,243,0
104.19.215.195,192,282,243,0
104.17.79.145,194,270,243,0
104.17.156.237,182,281,243,0
104.19.150.93,207,281,244,0
104.22.62.241,187,290,244,0
172.67.212.3,214,273,244,0
104.17.103.195,214,288,244,0
104.17.193.45,219,269,244,0
172.64.79.9,206,294,244,0
104.17.86.93,225,274,244,0
104.19.211.128,200,263,244,0
162.159.39.109,205,276,244,0
104.18.225.92,201,279,245,0
104.16.105.147,204,287,246,0
104.18.128.144,214,285,247,0
104.17.133.251,220,271,247,0
104.25.120.108,206,290,248,0
104.16.139.73,211,284,249,0
104.17.177.157,238,282,249,0
104.16.160.244,196,283,250,0
104.19.252.253,229,264,250,0
104.18.233.7,218,294,254,0
104.17.73.17,190,287,254,0
104.18.78.255,223,277,255,0
104.17.72.230,233,286,260,0
172.67.75.153,121,172,141,10
104.26.3.158,124,164,144,10
104.26.2.7,124,211,154,10
172.67.76.118,121,203,158,10
104.26.8.247,130,221,161,10
104.17.215.102,169,213,189,10
104.18.198.99,154,230,190,10
104.18.211.156,161,233,192,10
104.16.174.122,163,234,193,10
104.16.16.121,178,212,194,10
104.17.92.253,174,225,195,10
104.18.201.154,156,218,196,10
104.17.114.37,154,237,197,10
104.16.13.74,180,238,198,10
104.16.205.235,169,227,198,10
104.17.198.5,176,227,199,10
104.17.195.101,168,220,200,10
104.17.108.14,168,229,200,10
104.18.203.67,176,226,200,10
104.18.146.106,181,225,200,10
104.19.187.19,178,262,202,10
104.17.57.171,180,222,203,10
104.18.133.4,172,266,204,10
104.16.51.30,172,226,204,10
104.19.181.48,174,249,204,10
104.19.245.247,160,279,205,10
104.17.149.30,165,253,206,10
104.18.110.55,185,246,207,10
104.17.157.237,182,240,207,10
104.16.93.57,160,235,207,10
104.19.212.245,171,265,207,10
104.18.75.27,154,263,207,10
104.17.106.250,174,250,207,10
104.18.145.205,174,253,208,10
162.159.160.62,181,229,208,10
104.18.190.7,173,265,209,10
104.21.236.149,180,246,209,10
104.21.227.235,177,237,209,10
104.19.234.93,183,239,209,10
104.18.120.210,172,263,209,10
104.16.94.53,169,251,210,10
104.17.12.223,194,239,210,10
104.17.243.78,158,293,210,10
104.19.233.140,178,263,210,10
104.18.70.224,177,278,210,10
104.19.254.119,182,242,210,10
104.16.118.20,189,248,210,10
104.18.90.42,176,248,211,10
104.19.157.107,195,233,211,10
104.17.242.45,177,253,211,10
104.18.54.102,188,234,211,10
104.19.247.75,166,288,212,10
104.19.152.206,168,250,212,10
104.16.37.165,163,251,213,10
104.17.176.134,175,235,213,10
104.17.139.170,169,247,213,10
104.17.154.15,162,267,213,10
104.16.63.245,168,286,213,10
104.18.113.146,187,263,214,10
104.24.15.221,185,245,214,10
104.16.228.155,172,257,214,10
104.16.18.12,191,247,214,10
104.16.234.9,176,247,215,10
104.23.108.154,182,247,215,10
104.18.59.95,183,258,215,10
172.67.186.17,175,248,215,10
172.67.154.157,185,256,215,10
104.16.1.33,185,246,215,10
104.16.162.134,186,242,215,10
104.16.7.216,191,234,216,10
104.17.183.188,182,249,217,10
104.22.42.166,192,256,217,10
104.17.91.92,180,255,217,10
104.18.176.42,152,249,217,10
104.24.94.105,191,245,217,10
104.17.145.98,198,245,218,10
104.21.195.18,179,244,218,10
162.159.242.45,183,245,218,10
172.64.154.35,194,239,218,10
104.23.139.240,192,248,218,10
104.16.76.111,173,278,218,10
104.17.236.189,164,256,218,10
104.22.59.157,187,244,218,10
104.16.146.250,170,279,218,10
104.25.97.112,199,253,219,10
104.27.24.104,192,257,219,10
104.19.220.216,165,260,219,10
104.22.77.197,189,246,219,10
104.18.8.138,187,240,219,10
104.27.48.215,199,248,219,10
104.25.125.107,199,252,219,10
104.18.162.60,180,269,220,10
104.16.72.225,176,258,220,10
104.24.46.166,190,251,220,10
104.18.170.21,172,269,220,10
172.67.5.20,200,243,220,10
104.23.119.171,193,269,220,10
104.17.50.1,178,256,220,10
104.22.54.7,187,247,220,10
104.17.159.104,197,245,220,10
104.24.79.25,187,257,221,10
104.19.52.142,194,247,221,10
104.18.134.217,181,255,221,10
104.19.198.32,187,247,221,10
104.17.200.227,181,276,221,10
104.27.82.36,192,251,221,10
104.25.209.255,191,250,221,10
104.17.219.147,196,250,221,10
104.16.208.210,199,244,221,10
172.65.253.113,183,261,222,10
104.17.56.70,180,237,222,10
172.67.250.126,181,253,222,10
104.22.79.85,197,259,222,10
104.25.66.23,184,250,222,10
104.16.38.179,161,259,222,10
104.17.226.238,199,257,222,10
104.23.114.200,185,251,222,10
104.22.58.16,194,267,222,10
104.19.190.165,188,253,222,10
104.19.128.196,193,258,222,10
104.18.58.24,175,267,222,10
172.67.251.81,181,257,222,10
104.22.2.100,187,252,222,10
104.24.243.196,188,247,222,10
104.19.206.69,185,263,222,10
104.17.251.223,179,253,222,10
104.24.33.162,191,251,222,10
104.21.38.41,194,250,223,10
104.25.129.253,185,271,223,10
104.25.145.251,196,254,223,10
104.17.11.251,183,270,223,10
104.18.106.61,189,268,223,10
104.21.110.225,184,279,223,10
104.18.41.167,193,253,223,10
162.159.137.70,192,251,223,10
104.27.78.126,185,258,223,10
104.19.99.0,199,249,223,10
172.67.24.137,193,261,223,10
198.41.192.64,185,247,223,10
198.41.203.181,199,257,223,10
104.17.100.171,188,271,223,10
104.23.127.191,195,262,223,10
104.24.38.192,201,254,223,10
104.25.36.244,192,247,223,10
172.67.170.229,191,252,223,10
104.24.58.233,184,257,223,10
104.22.75.91,201,246,224,10
172.67.115.219,197,252,224,10
172.67.163.100,190,278,224,10
162.159.15.102,196,256,224,10
104.24.141.167,186,259,224,10
172.67.164.112,190,254,224,10
172.67.44.41,200,251,224,10
172.67.219.63,193,248,224,10
104.18.100.4,188,258,224,10
188.114.96.111,188,263,224,10
104.17.90.79,198,283,224,10
104.18.255.147,211,245,224,10
104.18.28.165,181,260,224,10
104.27.103.105,188,253,224,10
104.19.26.47,195,255,224,10
104.16.33.146,183,258,224,10
104.25.99.49,190,254,224,10
104.18.30.129,194,277,224,10
104.23.131.10,199,251,224,10
104.16.74.120,192,267,224,10
172.67.85.20,195,262,224,10
104.27.39.95,200,250,224,10
172.67.240.245,192,267,224,10
104.25.157.214,194,253,224,10
104.18.144.69,198,245,224,10
104.19.205.47,199,255,225,10
104.18.36.224,193,252,225,10
162.159.23.18,185,254,225,10
104.23.141.10,183,294,225,10
172.67.95.32,181,245,225,10
172.65.246.72,185,263,225,10
104.27.59.136,192,250,225,10
104.25.58.185,185,249,225,10
108.162.196.4,202,250,225,10
104.16.145.172,184,275,225,10
172.67.32.82,181,264,225,10
104.24.250.9,192,248,225,10
162.159.61.237,191,260,225,10
104.24.220.244,191,259,225,10
104.17.83.74,163,259,225,10
172.65.219.229,199,255,225,10
104.16.11.6,189,286,225,10
104.25.18.236,190,259,226,10
104.27.33.34,191,248,226,10
172.66.40.19,184,265,226,10
172.67.90.35,188,261,226,10
104.25.223.157,190,262,226,10
172.67.253.79,194,261,226,10
104.19.8.66,193,249,226,10
198.41.205.253,193,260,226,10
104.24.212.174,199,266,226,10
104.22.7.58,192,250,226,10
104.22.26.17,193,249,226,10
104.19.236.21,180,282,226,10
104.16.80.8,185,297,226,10
104.22.60.240,196,269,226,10
104.17.65.47,190,268,226,10
104.27.16.109,196,260,226,10
172.64.50.32,179,258,226,10
104.16.156.222,182,275,226,10
104.17.39.196,194,263,226,10
104.16.67.217,187,297,227,10
104.27.0.175,197,253,227,10
104.16.14.167,183,291,227,10
104.19.111.74,183,262,227,10
104.17.120.96,205,242,227,10
104.21.11.22,196,256,227,10
104.24.47.101,203,250,227,10
104.16.167.139,177,269,227,10
104.25.43.113,189,248,227,10
162.159.32.34,204,252,227,10
172.67.58.244,198,252,227,10
104.24.216.14,202,258,227,10
172.67.42.36,192,254,227,10
172.64.228.177,196,274,227,10
104.24.148.74,194,263,227,10
104.24.84.70,203,258,227,10
104.16.143.177,210,263,227,10
104.17.163.109,185,261,227,10
104.18.52.106,203,261,227,10
104.27.28.43,200,253,227,10
104.19.94.89,179,278,227,10
104.18.157.75,202,274,227,10
104.16.9.54,193,264,227,10
104.25.79.211,189,257,227,10
104.18.251.85,202,258,227,10
172.64.52.251,182,253,227,10
104.17.247.253,201,249,227,10
162.159.48.243,199,259,227,10
104.18.46.47,196,269,228,10
104.23.140.94,198,255,228,10
162.159.136.239,204,256,228,10
104.22.6.49,201,276,228,10
104.19.43.176,205,262,228,10
104.24.149.250,194,277,228,10
104.19.240.153,193,270,228,10
104.25.216.94,185,274,228,10
104.24.185.74,204,269,228,10
172.67.6.156,193,262,228,10
172.64.32.88,195,257,228,10
104.17.216.42,187,259,228,10
104.22.22.241,206,254,228,10
104.17.88.134,198,274,228,10
104.19.9.170,196,251,228,10
104.22.11.14,189,256,228,10
104.24.237.162,194,253,228,10
172.67.59.27,199,259,228,10
104.24.158.99,194,264,229,10
104.21.29.191,188,266,229,10
104.22.0.165,196,256,229,10
104.16.178.195,187,257,229,10
104.18.149.203,183,287,229,10
104.19.210.27,185,254,229,10
104.19.124.161,197,250,229,10
104.27.32.137,182,291,229,10
104.27.87.149,181,279,229,10
172.64.89.35,185,268,229,10
104.21.61.119,189,263,229,10
104.21.60.216,200,265,229,10
104.24.170.232,195,263,229,10
108.162.195.228,192,250,229,10
104.27.77.11,190,260,229,10
104.16.171.196,192,297,229,10
162.159.18.57,201,252,229,10
104.24.161.140,191,288,229,10
172.67.40.144,200,277,229,10
198.41.207.22,196,261,229,10
172.67.146.220,190,251,229,10
104.18.115.158,197,285,229,10
104.16.70.174,200,249,229,10
104.19.119.245,195,258,229,10
104.21.19.158,201,256,229,10
108.162.192.151,197,263,229,10
104.18.44.226,196,267,229,10
172.67.132.14,198,256,229,10
104.19.15.157,211,262,229,10
172.67.196.57,191,262,229,10
104.22.21.178,203,261,229,10
104.16.211.126,177,282,229,10
104.25.219.216,169,290,230,10
104.25.237.149,195,276,230,10
104.27.192.156,186,278,230,10
104.27.49.172,196,261,230,10
172.67.34.196,190,282,230,10
104.17.64.60,184,267,230,10
104.21.235.220,221,238,230,10
104.18.199.91,175,273,230,10
104.27.3.121,201,258,230,10
104.25.103.227,200,252,230,10
104.16.58.17,198,285,230,10
172.67.220.41,193,283,230,10
104.18.72.91,193,287,230,10
104.21.53.111,176,257,230,10
104.27.119.103,180,299,230,10
104.18.169.94,195,260,230,10
104.22.37.6,187,281,230,10
104.21.39.70,195,256,230,10
162.159.251.159,193,263,230,10
104.18.254.141,186,286,230,10
104.19.30.67,199,271,230,10
104.25.230.68,198,253,230,10
104.27.45.226,186,261,230,10
172.67.255.67,199,250,231,10
104.23.120.74,194,266,231,10
104.31.16.103,193,283,231,10
198.217.251.142,184,253,231,10
104.17.42.18,198,259,231,10
104.24.247.81,195,265,231,10
104.18.5.4,199,276,231,10
104.19.51.114,188,260,231,10
104.19.237.218,206,276,231,10
104.25.133.182,200,263,231,10
190.93.244.6,182,275,231,10
104.17.188.219,205,257,231,10
104.19.71.26,203,258,231,10
104.19.180.168,175,275,231,10
104.21.216.239,210,261,231,10
104.25.172.54,204,267,231,10
104.18.231.146,193,254,232,10
104.19.162.1,200,260,232,10
198.41.214.220,203,282,232,10
104.25.155.145,195,260,232,10
162.159.44.8,204,293,232,10
104.24.2.173,200,256,232,10
104.19.120.50,201,259,232,10
104.19.39.235,188,256,232,10
104.17.130.208,212,254,232,10
104.17.245.189,192,265,232,10
104.18.166.113,210,252,232,10
104.17.84.47,183,262,232,10
104.25.68.72,198,254,232,10
104.23.137.154,200,268,232,10
104.17.143.61,189,291,232,10
104.24.57.181,185,266,232,10
104.25.69.21,202,255,232,10
104.19.138.114,199,269,233,10
104.24.204.50,191,279,233,10
104.24.217.165,201,261,233,10
104.17.225.53,195,262,233,10
104.16.77.248,205,258,233,10
104.25.202.222,196,295,233,10
104.16.240.7,191,266,233,10
104.21.218.4,193,255,233,10
104.18.240.116,185,272,233,10
104.17.196.161,189,286,233,10
104.22.71.231,200,268,233,10
104.21.205.94,204,295,233,10
104.19.194.100,196,282,233,10
104.24.36.117,199,294,233,10
104.17.146.9,157,280,233,10
104.18.0.7,186,258,233,10
104.21.9.253,193,277,233,10
104.17.95.183,193,281,233,10
104.22.5.236,206,264,233,10
104.27.9.226,202,291,233,10
172.67.27.255,207,264,234,10
172.64.40.19,198,266,234,10
172.67.173.236,196,270,234,10
104.16.241.71,195,273,234,10
162.159.11.245,207,254,234,10
104.21.37.67,198,277,234,10
104.22.51.131,202,293,234,10
104.21.10.92,186,267,234,10
104.27.110.22,186,292,234,10
104.25.44.167,207,259,234,10
104.18.187.82,187,273,234,10
104.19.203.82,193,273,234,10
172.67.2.13,198,271,234,10
104.21.12.102,205,259,234,10
104.24.88.213,187,287,234,10
104.17.250.229,207,253,234,10
104.17.5.147,207,273,234,10
104.19.143.170,200,289,234,10
104.16.44.3,205,281,234,10
104.17.63.185,190,270,234,10
104.22.61.204,197,266,234,10
104.16.10.115,211,284,235,10
172.67.46.222,188,268,235,10
104.23.124.193,189,293,235,10
104.16.138.221,206,257,235,10
188.114.97.56,197,285,235,10
172.64.49.23,189,283,235,10
104.16.73.185,176,271,235,10
172.64.96.231,203,263,235,10
104.25.13.233,216,260,235,10
104.22.43.81,198,269,235,10
104.27.58.155,200,280,236,10
104.21.77.86,187,257,236,10
104.25.67.149,195,290,236,10
104.22.41.217,193,297,236,10
104.25.78.29,197,290,236,10
104.17.107.8,212,259,236,10
104.18.69.2,207,264,236,10
104.24.213.250,195,294,236,10
104.17.173.98,218,265,236,10
172.67.1.144,204,281,236,10
104.17.224.79,189,277,236,10
104.18.174.235,212,279,236,10
104.19.75.3,206,260,236,10
104.17.137.160,203,263,236,10
104.18.135.35,200,275,236,10
104.18.98.35,205,273,236,10
104.22.25.101,198,293,236,10
104.18.27.223,196,266,236,10
162.159.7.97,205,270,236,10
172.67.223.173,192,297,237,10
104.24.13.3,191,296,237,10
104.19.217.54,176,292,237,10
104.17.207.47,195,262,237,10
104.17.25.67,197,260,237,10
104.23.103.42,202,290,237,10
104.16.126.183,193,282,237,10
104.16.8.144,189,281,237,10
104.21.55.217,210,259,237,10
104.25.224.217,206,295,237,10
104.21.71.46,193,298,237,10
104.19.170.96,208,266,237,10
104.17.168.180,216,260,237,10
104.21.109.11,204,263,237,10
104.17.122.229,210,263,238,10
104.16.175.102,198,267,238,10
104.16.69.227,179,266,238,10
104.18.91.237,192,269,238,10
104.27.94.178,195,298,238,10
104.27.72.118,195,268,238,10
172.67.15.159,193,291,238,10
104.18.205.4,179,280,238,10
104.24.5.193,209,293,239,10
172.67.171.229,201,281,239,10
104.18.26.229,203,270,239,10
104.19.214.242,219,267,239,10
104.16.29.240,211,285,239,10
104.16.137.103,206,257,239,10
104.21.64.70,197,293,239,10
104.24.165.146,202,279,240,10
104.19.239.97,183,275,240,10
104.16.111.152,219,265,240,10
104.24.166.92,211,285,240,10
104.24.157.80,200,296,241,10
104.17.218.163,205,286,241,10
172.67.117.186,195,287,241,10
104.19.1.166,190,296,241,10
104.16.113.20,208,279,241,10
172.67.210.51,194,260,241,10
104.21.233.151,216,259,241,10
162.159.207.102,212,269,242,10
104.17.93.186,207,299,242,10
104.24.26.174,183,269,242,10
104.18.172.3,213,267,242,10
104.18.150.217,180,294,243,10
104.24.93.162,195,293,243,10
104.18.158.223,202,294,243,10
104.17.21.22,216,278,243,10
104.18.111.229,211,290,243,10
104.17.158.13,195,269,244,10
104.22.68.118,192,283,244,10
104.19.255.111,214,277,244,10
104.21.13.232,201,280,244,10
104.22.36.66,202,294,244,10
172.67.194.44,209,292,244,10
172.67.211.147,205,275,245,10
104.21.119.45,219,270,245,10
104.18.218.24,175,291,245,10
162.159.24.6,190,293,245,10
104.17.49.126,206,276,245,10
104.16.239.121,209,293,245,10
104.17.194.55,198,288,246,10
172.67.89.113,193,284,246,10
172.67.133.237,207,294,246,10
104.19.171.22,190,293,246,10
104.17.180.244,192,290,246,10
104.17.36.94,210,289,246,10
104.18.227.106,232,265,246,10
172.64.98.18,188,294,248,10
104.17.179.67,195,295,248,10
104.18.188.218,220,279,248,10
172.67.237.48,215,276,249,10
104.16.43.97,198,298,250,10
104.18.83.105,221,288,250,10
104.21.3.29,212,290,250,10
104.16.255.50,194,292,251,10
104.18.143.119,210,290,252,10
104.16.2.238,231,282,256,10
104.26.15.168,121,164,136,20
104.26.11.183,124,166,139,20
172.67.67.170,117,190,147,20
172.67.74.34,121,172,149,20
104.26.10.95,132,169,152,20
172.65.238.79,124,221,153,20
172.67.70.183,121,195,155,20
104.26.12.228,127,188,155,20
104.26.0.159,137,186,160,20
104.26.1.168,131,193,160,20
104.21.224.41,180,226,196,20
162.159.42.43,173,265,198,20
104.19.235.18,169,231,198,20
104.16.21.44,153,246,199,20
104.16.40.15,186,225,201,20
104.19.209.69,175,238,202,20
104.18.94.3,187,225,202,20
104.17.192.123,149,255,203,20
104.16.173.132,182,260,204,20
104.16.56.126,191,242,204,20
104.17.166.24,179,240,206,20
104.18.137.201,186,248,210,20
104.17.101.194,197,232,210,20
104.16.215.164,153,255,210,20
104.19.159.239,169,258,210,20
104.18.229.74,159,239,211,20
104.17.140.250,186,230,211,20
104.16.55.222,181,236,211,20
104.19.238.237,187,228,211,20
104.18.243.109,180,248,212,20
104.18.216.212,180,237,212,20
172.67.116.137,194,239,213,20
104.17.81.138,196,243,213,20
104.16.22.33,183,259,214,20
104.16.31.223,188,245,214,20
104.17.223.200,170,243,214,20
104.19.244.136,163,234,214,20
188.114.98.32,194,234,214,20
104.25.32.136,188,252,214,20
104.19.127.51,181,236,214,20
104.16.46.77,165,284,215,20
104.18.196.174,189,291,215,20
104.18.126.64,187,252,215,20
104.24.156.189,177,262,215,20
104.25.6.165,186,244,215,20
172.67.208.161,184,252,215,20
104.27.19.229,186,239,216,20
104.24.34.203,175,243,216,20
104.19.103.167,183,245,216,20
104.24.10.38,183,254,217,20
104.18.206.192,190,241,217,20
104.18.7.242,183,242,217,20
104.17.26.95,197,239,217,20
172.67.123.162,191,261,217,20
104.18.165.235,189,252,217,20
104.23.112.69,183,248,217,20
172.67.13.226,193,251,217,20
104.16.6.104,186,239,218,20
104.16.27.141,175,259,218,20
172.67.245.188,186,257,218,20
104.16.36.65,180,258,218,20
104.25.117.20,184,247,218,20
104.16.233.248,196,245,218,20
104.25.215.222,185,297,218,20
104.19.196.126,185,258,218,20
104.25.12.39,181,290,218,20
104.17.67.52,199,232,219,20
172.67.56.127,185,246,219,20
104.21.34.141,188,254,219,20
104.16.154.157,189,256,219,20
104.24.9.234,182,286,219,20
104.16.99.144,182,263,219,20
104.19.7.27,190,261,219,20
104.16.166.110,178,269,219,20
172.67.60.145,195,259,219,20
104.16.88.162,178,246,220,20
104.25.204.88,192,256,220,20
104.23.96.43,188,250,220,20
104.16.41.176,177,246,220,20
104.25.239.35,195,248,220,20
172.67.161.203,191,256,220,20
190.93.245.9,197,275,220,20
104.17.135.19,190,264,220,20
104.19.92.76,187,237,220,20
104.18.55.177,195,249,220,20
104.25.231.204,185,264,220,20
104.24.86.242,193,255,221,20
172.67.153.22,194,257,221,20
104.18.87.8,197,259,221,20
104.22.56.124,183,286,221,20
104.21.22.241,195,242,221,20
162.159.1.234,202,265,221,20
104.24.229.218,200,249,221,20
104.22.9.147,187,259,221,20
104.19.28.200,180,244,221,20
104.25.124.71,196,256,221,20
104.24.143.188,196,257,221,20
104.16.54.233,196,255,221,20
104.18.66.231,192,253,221,20
104.25.152.95,194,258,221,20
172.67.135.203,196,248,221,20
104.19.42.231,205,246,221,20
172.67.99.81,194,244,222,20
104.18.121.49,186,254,222,20
104.21.17.83,200,241,222,20
104.18.104.243,190,256,222,20
104.16.196.111,188,281,222,20
104.27.4.196,190,260,222,20
104.19.69.19,187,265,222,20
104.19.3.127,194,248,222,20
104.18.210.204,191,247,222,20
104.25.9.37,185,250,222,20
162.159.45.143,197,251,222,20
104.27.36.128,197,257,222,20
104.27.18.161,191,299,222,20
172.67.100.175,180,257,223,20
104.23.106.169,188,235,223,20
104.25.241.228,190,251,223,20
104.18.51.202,202,255,223,20
172.67.11.203,184,291,223,20
104.25.174.45,204,252,223,20
104.24.208.220,194,248,223,20
172.67.18.143,197,252,223,20
104.25.151.93,186,252,223,20
104.27.121.69,192,250,223,20
172.67.9.134,198,258,223,20
172.67.96.44,188,257,223,20
104.22.24.76,194,253,223,20
104.27.197.70,202,265,223,20
104.25.60.114,184,254,223,20
104.18.34.47,193,269,224,20
104.21.206.10,195,253,224,20
104.17.104.249,192,256,224,20
104.24.150.122,202,253,224,20
104.25.33.6,191,263,224,20
104.22.12.134,195,248,224,20
104.24.24.113,203,256,224,20
104.17.233.193,187,246,224,20
104.27.88.188,179,250,224,20
104.25.8.191,187,290,224,20
104.23.118.120,187,250,224,20
104.22.78.216,200,263,224,20
172.66.2.233,190,296,224,20
104.21.28.148,199,248,224,20
104.18.156.197,166,261,224,20
104.27.63.238,182,264,225,20
172.67.28.79,198,256,225,20
104.18.81.185,186,260,225,20
104.25.87.27,188,293,225,20
104.24.188.78,188,251,225,20
172.65.32.202,185,248,225,20
104.27.118.135,196,252,225,20
104.24.181.139,180,254,225,20
104.18.189.71,193,255,225,20
172.67.54.251,198,246,225,20
104.24.174.142,189,290,225,20
104.27.22.200,196,263,225,20
162.159.152.208,188,262,225,20
104.25.153.35,196,262,225,20
104.25.148.210,189,255,225,20
172.64.66.101,189,281,225,20
172.67.203.212,198,259,225,20
104.17.30.38,186,254,226,20
104.24.144.146,206,256,226,20
104.19.126.168,206,262,226,20
104.25.104.2,195,259,226,20
172.67.156.97,190,272,226,20
104.19.74.60,188,267,226,20
172.67.61.190,201,265,226,20
104.23.143.183,192,286,226,20
104.24.29.64,189,284,226,20
162.159.141.140,193,263,226,20
104.27.123.127,196,262,226,20
104.18.82.225,194,251,226,20
104.19.72.170,199,258,226,20
104.27.70.133,191,253,226,20
104.17.144.231,205,242,226,20
172.67.25.10,191,260,226,20
104.25.101.225,204,258,227,20
162.159.20.252,184,253,227,20
104.21.31.123,198,261,227,20
104.25.161.157,186,252,227,20
104.19.116.148,187,251,227,20
172.67.91.8,193,256,227,20
104.17.82.99,206,249,227,20
104.19.29.130,197,253,227,20
104.16.206.17,211,254,227,20
104.22.38.231,198,257,227,20
104.27.79.204,194,255,227,20
104.27.101.172,197,261,227,20
104.18.42.125,187,278,227,20
104.18.222.122,185,271,227,20
104.25.206.189,195,252,227,20
104.22.16.16,200,252,227,20
104.21.44.23,206,253,227,20
172.66.3.30,198,268,227,20
172.67.149.86,210,247,227,20
104.25.146.116,189,280,227,20
104.19.250.18,186,276,227,20
104.21.124.226,173,277,227,20
104.25.81.58,203,276,227,20
104.21.42.197,179,277,227,20
104.25.175.33,198,254,227,20
104.17.175.146,202,245,227,20
172.67.118.155,197,249,227,20
104.16.151.67,196,265,227,20
104.21.192.45,189,261,227,20
104.25.52.27,190,298,228,20
172.67.134.19,175,270,228,20
104.21.69.53,199,258,228,20
162.159.26.227,199,253,228,20
172.67.206.250,196,261,228,20
104.25.27.119,205,246,228,20
104.21.101.159,187,268,228,20
104.19.189.111,185,293,228,20
104.19.134.145,188,289,228,20
104.16.136.175,184,286,228,20
104.20.9.76,200,247,228,20
104.17.199.179,188,267,229,20
104.27.26.234,195,253,229,20
104.25.16.19,203,253,229,20
172.64.80.7,184,258,229,20
104.24.70.178,183,289,229,20
104.24.28.110,192,250,229,20
104.25.205.31,189,290,229,20
173.245.59.107,181,293,229,20
104.21.26.158,188,264,229,20
172.67.229.253,186,281,229,20
104.27.199.212,192,256,229,20
104.25.105.205,198,268,229,20
104.19.14.55,179,247,229,20
172.64.33.189,203,263,230,20
104.25.75.217,208,256,230,20
104.23.110.209,193,288,230,20
104.17.239.15,198,259,230,20
104.27.62.226,195,285,230,20
104.23.135.73,195,249,230,20
198.41.209.64,183,281,230,20
104.24.187.157,187,277,230,20
104.19.79.56,218,249,230,20
104.19.139.204,196,251,230,20
104.18.235.16,196,261,230,20
104.16.98.28,183,271,230,20
104.25.233.123,190,280,230,20
172.67.235.104,195,264,231,20
104.18.25.50,193,291,231,20
104.25.135.73,199,255,231,20
104.23.102.233,204,286,231,20
104.27.41.23,209,251,231,20
104.22.8.224,198,259,231,20
104.17.62.5,181,269,231,20
173.245.49.133,188,288,231,20
172.67.227.218,194,288,231,20
172.64.88.88,201,278,231,20
104.16.68.85,195,266,231,20
162.159.244.14,192,260,231,20
172.67.140.34,204,260,231,20
104.24.248.74,189,266,232,20
104.27.93.182,204,268,232,20
104.27.71.250,193,273,232,20
104.18.192.31,208,245,232,20
104.17.16.70,185,273,232,20
172.67.33.85,196,281,232,20
104.17.209.194,191,270,232,20
104.25.141.207,209,257,232,20
104.18.180.231,202,271,232,20
104.27.204.102,202,259,232,20
104.18.118.0,209,271,232,20
104.18.168.36,202,253,232,20
104.17.51.77,200,262,232,20
104.19.36.151,213,253,232,20
104.24.60.41,192,280,232,20
198.41.215.1,198,262,232,20
104.16.96.207,194,262,233,20
172.67.224.92,203,255,233,20
104.24.201.82,201,261,233,20
162.159.249.189,200,277,233,20
104.27.117.173,201,275,233,20
104.25.192.217,203,291,233,20
104.17.204.248,187,250,233,20
104.17.78.157,219,272,233,20
104.24.189.116,198,268,233,20
104.27.61.135,200,273,233,20
162.159.252.20,198,275,233,20
104.20.15.20,200,257,233,20
104.25.218.157,193,289,233,20
104.24.4.187,201,261,233,20
104.19.121.83,198,262,233,20
104.24.153.197,196,281,233,20
104.25.226.39,211,261,233,20
172.67.205.24,180,286,233,20
104.16.12.186,204,264,234,20
104.21.8.170,212,262,234,20
104.21.30.36,200,255,234,20
104.18.237.15,206,257,234,20
162.159.237.66,214,259,234,20
104.16.4.26,181,265,234,20
172.67.83.236,200,255,234,20
104.16.172.3,207,267,234,20
172.67.204.81,203,259,234,20
104.17.252.18,204,262,234,20
104.16.250.171,208,262,234,20
104.24.11.220,204,254,234,20
104.25.179.119,200,257,234,20
104.17.22.70,199,278,234,20
104.23.126.251,202,253,234,20
104.19.185.115,183,251,234,20
104.17.254.122,205,299,234,20
172.67.207.7,190,264,234,20
104.25.193.118,210,279,234,20
104.19.142.226,210,248,235,20
104.24.80.249,205,294,235,20
104.24.215.219,193,262,235,20
104.24.0.70,202,255,235,20
104.18.47.88,189,268,235,20
104.16.185.201,191,283,235,20
104.19.136.101,205,256,235,20
104.16.235.24,205,281,235,20
104.25.76.73,201,281,235,20
104.17.29.151,204,270,235,20
172.67.17.41,210,257,235,20
104.17.110.85,217,275,235,20
104.25.111.130,204,257,235,20
104.24.76.85,185,296,235,20
172.67.112.218,197,268,235,20
104.19.151.31,206,270,236,20
104.22.48.193,197,286,236,20
104.17.4.31,205,258,236,20
104.17.161.214,184,282,236,20
104.17.113.177,188,289,236,20
104.17.126.211,216,252,236,20
104.24.155.93,188,267,236,20
104.27.20.41,188,298,236,20
162.159.10.117,201,280,236,20
104.17.118.19,190,272,236,20
172.67.23.232,198,283,236,20
104.20.1.237,202,290,237,20
162.159.49.207,187,270,237,20
104.23.122.96,196,293,237,20
104.25.238.214,195,269,237,20
104.25.150.167,209,263,237,20
104.21.43.127,208,275,237,20
162.159.22.127,213,257,237,20
104.18.79.95,223,258,237,20
172.67.35.245,198,279,238,20
104.19.90.192,208,273,238,20
104.24.159.187,201,282,238,20
104.24.195.153,202,257,238,20
104.24.214.22,204,296,238,20
104.24.40.158,200,297,238,20
104.19.231.79,227,252,238,20
104.27.122.136,199,292,238,20
162.159.13.225,207,258,239,20
104.24.41.40,187,284,239,20
104.27.91.0,188,288,239,20
104.17.231.35,206,263,239,20
172.67.21.208,205,291,239,20
104.25.77.127,189,293,240,20
104.18.119.225,187,268,240,20
104.25.225.208,197,280,240,20
104.25.213.139,203,269,240,20
172.67.36.143,194,277,240,20
104.19.182.168,213,267,240,20
104.27.127.214,207,284,240,20
104.21.14.31,205,289,241,20
104.27.111.10,205,290,241,20
104.23.129.153,218,256,241,20
104.17.31.4,220,288,241,20
172.67.98.222,199,297,241,20
108.162.194.34,207,280,241,20
172.66.45.62,205,294,241,20
198.41.218.92,212,267,241,20
104.24.53.185,201,281,241,20
162.159.248.251,204,291,241,20
104.22.15.78,209,295,242,20
104.18.80.131,211,285,242,20
104.19.213.193,205,280,242,20
104.27.112.80,202,270,242,20
172.64.157.158,214,263,242,20
104.18.56.176,192,295,242,20
23.227.60.4,191,280,242,20
104.24.245.89,204,282,243,20
104.27.52.58,205,275,243,20
104.16.226.224,215,279,243,20
198.41.197.158,213,282,243,20
104.16.122.207,210,287,243,20
104.19.0.157,197,280,244,20
104.24.51.252,217,290,244,20
104.27.92.86,199,286,244,20
104.17.127.176,190,293,244,20
104.24.142.21,211,262,244,20
104.16.252.61,179,288,245,20
104.24.145.212,197,298,245,20
104.21.40.162,211,297,245,20
104.18.116.126,200,286,245,20
172.64.158.129,206,261,245,20
104.18.130.250,196,281,246,20
104.17.205.128,226,267,246,20
104.25.50.20,208,292,247,20
104.19.169.36,209,281,247,20
104.16.82.206,208,292,247,20
104.19.251.120,207,276,247,20
104.16.25.14,222,282,248,20
104.21.225.39,189,293,248,20
104.22.17.96,205,294,248,20
104.25.96.252,205,294,249,20
104.24.224.42,207,297,249,20
104.27.126.213,210,295,250,20
198.41.208.118,230,264,251,20
104.18.109.164,231,276,252,20
104.18.186.68,227,274,252,20
104.18.93.80,232,279,255,20
104.17.178.169,238,285,259,20
172.67.79.108,118,192,139,30
104.26.13.59,122,159,143,30
172.67.73.53,127,162,144,30
104.26.7.30,125,174,149,30
172.67.66.155,135,171,149,30
172.67.65.80,121,184,150,30
172.67.78.30,129,198,163,30
104.16.120.7,152,245,202,30
104.16.246.68,162,229,202,30
104.17.27.84,164,255,204,30
104.20.11.77,183,238,205,30
104.18.107.9,163,261,206,30
104.24.81.31,186,235,207,30
104.16.155.120,188,239,207,30
104.16.34.95,174,246,207,30
104.27.50.146,183,238,208,30
104.18.61.133,186,248,208,30
104.16.65.34,177,238,210,30
172.67.213.177,187,241,211,30
104.25.147.89,191,249,211,30
104.27.74.147,188,238,211,30
104.18.53.37,182,264,211,30
104.27.202.177,190,239,212,30
104.24.218.253,183,237,212,30
104.22.67.203,178,250,213,30
104.17.18.87,174,255,213,30
162.251.82.113,181,286,213,30
104.24.43.204,190,238,213,30
104.21.35.152,174,242,213,30
104.19.107.10,187,249,213,30
104.22.19.47,185,248,214,30
104.24.228.5,177,279,214,30
104.18.68.59,183,250,214,30
104.18.62.48,197,224,214,30
172.65.192.206,185,254,214,30
104.17.34.134,182,293,214,30
104.18.129.125,193,243,215,30
104.24.7.49,176,236,216,30
162.159.138.27,185,241,216,30
104.17.147.238,192,234,216,30
104.18.4.34,184,240,216,30
104.19.222.181,192,237,216,30
104.27.29.48,185,245,216,30
104.24.211.15,189,263,216,30
104.27.96.83,173,245,217,30
172.64.159.61,184,255,217,30
104.17.45.245,183,286,217,30
104.24.6.20,190,255,217,30
172.67.143.17,186,258,218,30
104.16.193.44,192,248,218,30
104.21.104.12,206,243,218,30
104.22.50.223,184,250,218,30
104.18.161.90,175,253,218,30
104.24.62.245,182,258,218,30
104.27.105.42,187,248,218,30
104.18.250.58,187,266,219,30
104.19.57.171,189,248,219,30
104.24.169.182,190,260,219,30
104.18.85.238,193,244,219,30
104.25.198.182,202,259,219,30
104.25.156.169,193,241,219,30
104.16.91.226,180,284,219,30
104.27.53.48,181,247,220,30
104.18.23.226,189,246,220,30
104.17.55.88,205,244,220,30
104.22.30.89,188,248,220,30
104.25.108.251,191,253,220,30
104.25.49.179,203,248,221,30
104.24.1.57,193,270,221,30
104.24.199.97,194,248,221,30
104.24.249.63,192,256,221,30
104.20.8.15,186,262,222,30
162.159.143.194,181,250,222,30
104.16.219.243,176,268,222,30
104.25.178.78,195,246,222,30
162.159.250.72,186,242,222,30
104.25.42.137,190,255,222,30
104.21.58.69,192,251,222,30
104.17.76.108,181,261,223,30
104.27.40.147,190,243,223,30
104.22.70.191,198,252,223,30
104.21.116.247,210,234,223,30
104.18.63.26,203,261,223,30
104.24.91.190,199,269,223,30
104.16.92.165,188,252,223,30
162.159.140.252,197,254,223,30
104.16.224.82,195,263,223,30
172.67.159.119,185,248,223,30
104.24.32.247,196,254,223,30
104.24.140.37,190,262,223,30
104.17.7.69,203,254,223,30
104.21.114.113,188,248,223,30
162.159.14.116,190,275,223,30
104.27.64.145,193,254,224,30
104.25.106.202,189,281,224,30
172.67.10.64,206,242,224,30
104.24.63.89,181,256,224,30
104.22.1.237,194,250,224,30
104.25.114.118,201,245,224,30
104.25.107.103,192,257,224,30
104.24.198.148,202,256,224,30
104.17.185.39,180,243,225,30
104.24.207.63,185,254,225,30
104.21.220.46,191,296,225,30
104.24.196.19,199,251,225,30
104.25.132.105,198,292,225,30
104.22.49.210,190,251,225,30
104.21.126.119,185,243,225,30
104.21.99.210,195,239,225,30
198.41.222.23,192,248,225,30
104.20.5.55,180,267,225,30
104.18.200.80,168,274,225,30
104.16.230.169,195,246,225,30
104.21.215.81,193,252,226,30
104.25.212.65,197,264,226,30
104.18.253.202,207,250,226,30
198.41.202.139,202,280,226,30
172.67.114.177,195,289,226,30
104.27.206.34,203,250,226,30
162.159.212.190,200,249,226,30
172.64.229.119,188,252,226,30
104.19.18.186,190,287,226,30
104.19.167.191,187,262,226,30
104.27.34.145,196,251,226,30
172.66.44.93,194,258,226,30
104.18.151.181,182,291,227,30
172.67.129.83,202,246,227,30
104.25.173.132,199,264,227,30
104.27.83.45,206,260,227,30
104.19.117.74,184,246,227,30
104.18.14.64,202,267,227,30
104.16.183.64,202,264,227,30
104.19.40.0,204,254,227,30
104.25.137.87,197,265,227,30
104.16.242.251,184,252,227,30
104.27.90.41,187,289,227,30
104.17.125.148,216,257,228,30
104.25.159.21,194,256,228,30
104.16.124.206,203,249,228,30
104.25.247.188,201,246,228,30
104.18.35.230,201,252,228,30
104.17.197.191,175,293,228,30
104.24.173.91,192,292,228,30
172.67.49.227,194,260,228,30
104.27.100.67,200,246,228,30
198.41.216.1,200,253,228,30
172.67.215.249,191,287,228,30
104.17.115.120,194,253,228,30
104.19.175.21,206,253,228,30
104.17.14.136,197,255,229,30
104.25.160.42,198,253,229,30
104.24.87.138,183,251,229,30
104.18.177.18,193,267,229,30
172.67.241.43,203,253,229,30
162.159.153.139,194,246,229,30
104.18.88.7,192,254,229,30
104.16.115.159,191,252,229,30
104.16.121.32,200,244,229,30
104.21.46.94,189,258,229,30
172.67.179.168,196,266,229,30
104.16.134.231,213,251,229,30
104.24.209.28,187,281,230,30
172.67.147.98,191,251,230,30
162.159.4.139,195,257,230,30
104.18.86.45,215,243,230,30
104.18.92.79,201,268,230,30
104.17.181.97,199,256,230,30
104.27.69.244,197,259,230,30
104.24.134.25,201,260,230,30
104.19.24.187,191,259,231,30
104.27.1.94,181,263,231,30
172.67.93.13,199,262,231,30
104.22.34.231,187,275,231,30
104.25.207.144,210,257,231,30
172.67.141.213,204,250,231,30
104.19.223.30,216,267,231,30
104.25.22.200,208,290,232,30
104.18.141.227,210,281,232,30
104.25.7.236,196,254,232,30
104.22.64.26,205,281,232,30
104.25.62.58,210,256,232,30
104.25.158.49,184,257,232,30
104.25.197.199,192,281,233,30
172.67.225.87,197,261,233,30
104.22.27.150,201,276,233,30
104.27.95.157,200,254,233,30
104.18.124.249,197,256,233,30
104.20.4.249,204,268,233,30
104.25.199.252,205,253,233,30
104.21.194.137,208,249,233,30
104.25.154.253,212,259,233,30
104.17.109.96,198,266,233,30
104.24.221.30,203,276,233,30
104.24.3.88,202,255,233,30
172.67.47.227,207,289,233,30
104.19.68.227,192,275,233,30
104.17.182.117,219,259,233,30
104.24.85.66,195,263,234,30
172.67.244.7,189,265,234,30
104.16.81.194,206,261,234,30
172.67.175.159,198,276,234,30
104.18.125.19,186,284,234,30
172.67.158.187,196,253,234,30
104.21.49.152,192,289,234,30
104.19.11.233,198,280,234,30
104.22.57.67,215,255,234,30
104.27.196.97,192,263,234,30
104.27.68.234,207,259,235,30
172.67.8.2,193,271,235,30
104.21.0.187,191,276,235,30
104.16.248.184,185,256,235,30
104.22.55.176,201,275,235,30
104.19.22.69,204,265,235,30
104.16.187.234,202,281,235,30
104.27.31.223,202,285,236,30
104.24.246.2,194,269,236,30
104.19.123.139,213,268,236,30
104.18.89.80,189,258,236,30
104.25.38.23,197,282,236,30
104.19.65.44,202,251,236,30
172.67.252.65,209,258,236,30
172.64.152.13,203,260,237,30
104.21.27.10,207,266,237,30
104.24.16.244,199,257,237,30
172.66.1.160,202,294,237,30
104.23.130.244,188,295,237,30
104.25.35.153,202,266,237,30
104.21.117.13,220,280,237,30
172.67.84.218,194,294,237,30
162.159.60.130,191,291,237,30
172.67.45.224,192,297,238,30
104.18.10.77,196,279,238,30
104.18.221.176,204,274,238,30
104.16.223.161,210,263,238,30
172.67.57.199,200,262,238,30
172.67.63.206,191,260,239,30
104.22.18.65,221,276,239,30
104.19.140.70,197,290,239,30
104.25.93.113,194,295,239,30
104.17.6.20,198,283,239,30
104.25.83.35,210,268,239,30
172.67.200.26,205,277,240,30
104.16.251.127,201,267,240,30
104.22.33.231,198,292,240,30
104.24.42.233,203,268,241,30
104.16.152.2,218,256,241,30
162.159.0.154,212,257,241,30
104.21.54.57,192,289,241,30
104.16.247.40,205,264,241,30
104.23.100.167,213,271,242,30
104.22.76.181,207,270,243,30
104.16.52.32,204,282,243,30
104.17.174.239,197,289,244,30
104.22.45.218,200,292,244,30
104.19.130.36,194,298,244,30
104.24.182.11,197,283,244,30
104.22.32.249,201,280,245,30
104.21.16.130,222,275,245,30
104.18.73.65,206,272,245,30
104.21.20.230,191,292,245,30
104.18.117.205,218,277,246,30
104.25.91.237,230,262,246,30
104.16.39.42,191,292,247,30
104.24.175.91,212,280,247,30
172.67.242.5,213,286,248,30
104.16.221.215,194,276,248,30
104.18.57.36,210,280,248,30
104.16.254.220,210,298,249,30
104.17.201.27,223,282,249,30
104.27.46.154,209,293,249,30
104.25.17.235,202,291,250,30
104.17.60.173,193,282,251,30
104.17.229.80,224,284,252,30
104.23.134.70,223,280,252,30
172.67.105.224,200,299,253,30
104.19.158.156,205,281,254,30
104.17.187.55,218,286,255,30
104.19.232.173,212,287,256,30
172.67.14.95,190,296,257,30
104.18.105.250,243,292,266,30
104.26.9.76,124,221,166,40
104.19.221.113,167,216,200,40
104.16.144.111,157,235,201,40
104.16.75.192,176,227,201,40
104.17.97.144,169,245,205,40
104.27.200.49,188,243,207,40
104.27.37.244,173,245,210,40
172.67.238.121,178,251,212,40
104.18.6.84,181,262,212,40
104.21.123.247,188,237,212,40
172.67.218.111,186,232,212,40
104.27.198.98,197,233,212,40
172.67.169.34,194,252,213,40
104.19.202.204,197,238,214,40
104.22.29.11,187,245,215,40
104.19.77.219,181,285,215,40
104.25.86.44,180,250,215,40
162.159.142.27,189,248,215,40
172.67.113.128,178,244,215,40
104.18.2.220,189,259,215,40
104.16.5.186,182,250,215,40
172.67.124.62,192,244,216,40
104.25.30.219,185,247,217,40
104.27.109.119,183,240,217,40
162.159.41.12,187,249,217,40
104.24.31.126,187,258,218,40
104.21.113.227,200,253,218,40
104.19.115.159,187,250,218,40
172.67.138.102,200,252,218,40
172.67.247.122,186,246,219,40
104.27.5.200,202,243,219,40
104.21.32.183,175,266,219,40
172.67.119.254,181,245,219,40
104.25.118.177,189,247,220,40
104.24.230.12,194,246,220,40
172.67.199.87,187,272,220,40
104.25.72.218,181,245,220,40
104.19.20.37,193,240,220,40
104.25.169.217,193,254,220,40
104.25.222.35,208,239,221,40
104.25.65.142,185,243,221,40
104.19.93.224,178,247,221,40
104.21.25.84,195,259,221,40
104.24.184.195,199,260,222,40
104.17.52.186,191,252,222,40
104.16.212.66,186,261,222,40
104.19.89.6,188,260,222,40
104.21.23.228,194,245,222,40
104.21.15.162,203,254,223,40
104.18.33.14,196,260,223,40
104.21.57.243,183,262,223,40
104.25.21.206,199,254,223,40
104.25.162.57,200,244,223,40
104.25.5.4,191,282,224,40
104.21.62.187,196,239,224,40
104.24.160.36,205,240,224,40
104.25.115.144,205,244,225,40
172.67.248.208,181,297,225,40
172.67.168.23,199,250,225,40
104.25.201.108,209,264,226,40
23.227.39.177,184,246,226,40
104.27.12.84,188,257,226,40
104.17.148.60,195,255,226,40
104.18.228.213,202,247,226,40
104.18.108.166,218,235,227,40
104.21.80.115,196,251,227,40
104.24.203.129,178,252,227,40
104.24.205.99,196,243,227,40
104.25.94.105,205,247,227,40
104.19.4.87,203,252,227,40
104.19.2.129,189,267,227,40
104.18.247.173,197,245,228,40
172.66.0.46,197,253,228,40
104.24.147.78,206,262,228,40
104.27.124.178,190,254,228,40
104.24.251.138,200,264,228,40
104.19.100.253,182,283,228,40
172.64.48.31,200,252,228,40
104.22.3.194,184,278,229,40
104.24.133.154,189,298,229,40
172.64.84.224,180,254,229,40
172.67.26.52,193,282,229,40
104.18.1.239,204,246,230,40
104.25.82.253,201,285,230,40
104.25.210.90,200,260,230,40
172.66.47.193,194,256,230,40
104.25.80.83,211,262,230,40
104.18.183.186,201,252,230,40
104.24.231.108,201,254,230,40
104.21.59.218,213,249,231,40
104.17.165.139,216,249,231,40
162.159.62.61,172,298,231,40
104.20.2.182,198,271,231,40
104.24.200.88,209,249,231,40
104.21.45.210,196,265,231,40
172.64.90.134,193,270,232,40
104.21.107.253,203,256,232,40
104.24.39.26,197,267,232,40
104.25.110.198,196,261,234,40
66.235.200.185,189,293,234,40
104.16.217.111,218,262,234,40
104.25.14.91,197,267,234,40
104.25.64.240,209,253,235,40
104.25.130.178,221,263,235,40
104.19.163.255,203,261,236,40
104.24.129.44,210,276,236,40
104.22.72.101,199,256,236,40
104.25.73.149,206,270,236,40
104.24.48.207,204,266,236,40
104.24.178.221,199,276,236,40
104.27.10.150,195,294,237,40
104.24.90.234,205,284,237,40
172.67.87.174,196,269,237,40
104.18.164.210,205,262,237,40
104.24.241.59,211,266,237,40
172.67.176.14,197,265,237,40
162.159.246.119,200,299,238,40
104.24.89.23,197,256,238,40
104.25.10.105,188,278,238,40
104.25.102.146,200,293,238,40
104.16.180.85,210,291,239,40
104.18.39.13,200,261,239,40
104.25.142.80,198,271,239,40
104.18.114.127,196,273,239,40
104.23.128.245,203,269,239,40
104.19.177.194,218,256,240,40
104.16.149.124,191,274,240,40
104.22.31.198,201,272,240,40
104.16.253.48,226,250,240,40
104.24.223.181,213,286,241,40
162.159.243.208,200,282,241,40
104.25.109.38,206,277,241,40
162.159.133.248,198,286,242,40
104.24.55.62,212,282,243,40
104.19.145.146,221,269,244,40
104.21.105.197,215,285,245,40
172.67.183.90,206,273,246,40
104.16.3.153,225,266,246,40
104.16.220.212,197,292,246,40
104.16.130.182,223,269,246,40
104.24.154.55,201,297,247,40
104.17.66.101,224,268,247,40
104.27.30.58,207,280,248,40
172.67.181.121,217,276,249,40
172.67.216.3,222,279,249,40
104.17.124.149,233,286,250,40
104.24.49.52,207,289,250,40
104.25.250.216,200,298,259,40
172.67.191.93,227,291,261,40
104.16.64.252,227,288,267,40
104.17.211.170,156,234,195,50
172.67.160.92,176,213,197,50
172.67.232.229,177,281,205,50
104.21.24.12,191,222,205,50
172.67.110.109,191,244,212,50
104.25.1.207,190,248,214,50
108.162.198.228,201,235,214,50
104.16.119.190,186,235,214,50
172.67.0.115,183,244,214,50
172.67.167.118,198,249,215,50
104.19.76.201,184,276,216,50
172.64.42.212,195,254,216,50
172.67.202.33,202,230,218,50
104.27.67.20,186,248,218,50
104.27.65.176,205,233,218,50
104.25.163.113,190,257,218,50
104.16.236.235,182,242,218,50
104.24.176.199,192,235,218,50
104.25.51.45,195,240,219,50
104.21.222.164,190,241,219,50
104.23.116.179,198,241,219,50
104.16.169.68,172,255,220,50
104.19.125.204,187,289,220,50
104.16.106.219,188,245,221,50
104.21.92.34,206,249,221,50
104.18.32.81,195,261,221,50
104.23.115.121,203,256,222,50
104.25.168.95,187,237,222,50
104.25.0.19,210,238,223,50
172.66.42.35,206,239,223,50
104.21.56.219,186,257,223,50
104.17.44.121,206,239,223,50
104.25.23.13,194,242,223,50
172.67.41.45,200,257,224,50
104.25.143.112,202,260,224,50
104.24.59.245,211,250,224,50
104.27.102.87,192,281,226,50
104.19.118.228,196,245,226,50
172.67.243.34,201,274,226,50
172.67.37.93,193,242,226,50
104.25.74.80,196,252,227,50
104.25.164.140,197,269,227,50
172.67.7.209,195,280,228,50
104.22.4.67,199,264,228,50
172.67.52.233,209,252,228,50
104.21.118.226,201,259,229,50
104.24.35.10,202,265,229,50
104.18.45.10,196,266,230,50
104.27.97.248,200,257,230,50
104.17.2.138,220,247,231,50
104.25.140.11,205,262,232,50
104.16.238.153,211,256,232,50
104.25.236.74,207,246,232,50
104.25.203.241,192,265,232,50
104.16.245.229,212,241,233,50
104.18.96.178,224,249,233,50
104.21.198.59,212,263,233,50
104.21.211.214,208,256,234,50
172.64.144.91,204,278,234,50
104.21.51.183,213,264,235,50
104.24.52.45,208,287,235,50
198.41.211.135,206,256,235,50
104.24.219.64,190,276,235,50
104.22.10.109,199,291,235,50
104.17.99.81,222,257,235,50
104.24.163.47,206,260,235,50
104.17.74.48,208,270,236,50
104.24.20.185,213,260,236,50
198.41.206.148,202,275,236,50
104.18.38.2,194,288,236,50
104.24.180.221,200,263,237,50
104.21.115.16,209,266,237,50
172.65.220.108,215,265,237,50
104.25.166.143,234,251,238,50
172.64.151.129,201,263,238,50
104.24.132.128,217,260,238,50
172.67.222.45,200,263,238,50
172.65.162.149,233,244,239,50
104.19.241.39,197,273,239,50
104.27.114.91,229,262,240,50
104.27.205.200,202,295,240,50
104.21.1.213,194,287,240,50
104.24.162.58,202,276,240,50
104.27.42.101,214,276,240,50
104.21.197.34,207,262,240,50
172.64.67.96,205,260,241,50
104.24.23.90,208,268,241,50
172.67.234.101,199,266,242,50
104.25.3.193,215,257,242,50
104.25.183.154,219,258,244,50
104.18.245.86,225,266,245,50
104.27.15.159,222,257,245,50
104.16.158.12,226,276,245,50
104.27.113.249,234,264,246,50
104.27.8.115,223,283,246,50
104.17.249.115,215,259,246,50
104.27.38.153,210,296,246,50
104.24.206.168,232,298,250,50
104.17.24.211,221,280,252,50
104.21.6.252,239,294,256,50
104.25.123.148,224,289,257,50
104.16.161.141,245,290,259,50
104.18.248.159,233,295,260,50
104.19.144.36,246,277,261,50
104.20.3.138,235,280,262,50
104.19.81.236,245,288,267,50
104.19.178.164,245,284,270,50
104.25.170.106,190,217,203,60
104.25.34.108,183,233,207,60
104.24.69.156,200,235,210,60
104.25.180.25,187,239,211,60
104.21.199.9,194,254,213,60
104.24.240.20,200,235,215,60
104.25.165.71,185,250,216,60
172.64.87.109,197,230,219,60
104.24.167.60,201,244,220,60
104.24.50.39,205,249,221,60
172.64.156.151,189,256,222,60
104.17.171.160,186,265,222,60
104.17.162.120,199,240,223,60
172.64.41.132,198,243,224,60
104.21.121.13,200,248,225,60
104.24.8.104,200,244,226,60
104.27.85.203,191,249,226,60
104.18.43.89,208,253,227,60
104.27.86.204,209,257,227,60
104.24.238.94,207,262,227,60
104.21.221.96,189,262,228,60
172.64.95.157,203,248,230,60
172.67.177.127,194,250,230,60
104.25.171.95,201,243,231,60
104.18.12.160,194,262,232,60
104.25.189.229,213,251,232,60
104.21.97.70,197,278,232,60
104.25.181.198,205,253,232,60
104.19.199.243,197,261,233,60
162.159.128.131,201,267,233,60
104.19.56.125,217,264,233,60
172.66.43.246,203,267,235,60
104.21.7.216,208,293,235,60
104.18.22.81,214,263,238,60
162.159.33.119,213,275,238,60
104.16.179.202,223,252,239,60
104.16.108.4,227,247,240,60
172.64.155.182,219,262,241,60
104.27.115.157,223,266,243,60
104.19.101.107,208,283,243,60
185.146.173.0,200,286,246,60
104.19.132.246,225,260,247,60
172.67.3.139,210,272,249,60
104.27.116.135,230,266,249,60
104.16.102.226,231,273,250,60
104.17.71.165,226,285,253,60
104.19.62.171,248,264,255,60
104.27.98.188,239,285,258,60
104.19.200.127,216,294,261,60
104.24.54.189,184,228,204,70
104.17.68.149,194,212,205,70
104.24.56.36,209,214,212,70
104.25.2.162,206,218,214,70
172.67.174.113,197,231,215,70
104.17.248.180,189,237,215,70
104.22.63.89,196,241,216,70
172.67.230.83,199,256,218,70
104.21.204.136,198,234,221,70
173.245.58.39,206,254,222,70
104.25.185.167,190,251,222,70
104.18.31.70,214,243,224,70
104.17.40.118,198,272,224,70
104.19.33.237,202,246,225,70
104.19.155.59,205,236,225,70
172.67.130.117,204,239,226,70
104.19.59.81,204,256,226,70
104.19.243.29,201,259,227,70
104.19.60.49,204,258,227,70
1.0.0.12,193,257,228,70
104.19.88.69,212,241,229,70
1.1.1.156,217,248,229,70
104.25.251.249,209,268,231,70
104.25.167.64,212,246,231,70
104.16.87.111,192,275,232,70
104.27.108.22,218,258,233,70
104.24.244.221,205,251,234,70
104.25.40.72,209,258,235,70
104.24.37.145,222,253,235,70
104.25.113.17,212,255,235,70
172.64.153.24,206,257,236,70
172.64.145.153,211,283,236,70
172.67.51.254,227,253,238,70
172.67.157.248,212,295,240,70
104.24.21.145,224,253,240,70
104.25.63.123,207,275,241,70
104.22.47.148,233,255,241,70
104.24.73.227,213,267,241,70
172.67.53.70,218,264,242,70
172.67.217.19,230,264,242,70
172.67.121.221,199,290,243,70
104.20.7.72,219,267,244,70
104.17.253.208,233,257,245,70
104.27.125.204,235,255,246,70
172.67.38.192,231,271,247,70
104.16.210.106,228,263,247,70
104.24.236.250,209,288,249,70
172.64.146.195,219,282,249,70
104.18.21.232,235,274,250,70
172.64.35.82,245,256,250,70
104.23.109.187,238,262,252,70
104.17.69.116,242,265,254,70
104.17.234.119,228,288,258,70
104.25.128.115,212,293,265,70
104.23.111.73,228,293,268,70
104.19.131.222,262,299,275,70
104.27.203.147,258,285,276,70
104.24.136.132,265,287,279,70
104.20.6.155,177,211,194,80
104.24.128.48,199,224,211,80
104.21.213.232,190,233,211,80
104.25.184.244,201,229,215,80
104.23.113.139,209,221,215,80
172.67.182.74,195,236,215,80
104.25.11.39,201,231,216,80
104.25.28.178,192,241,216,80
104.19.156.46,214,222,218,80
104.25.186.27,194,244,219,80
104.25.246.236,203,236,220,80
104.19.83.195,218,226,222,80
104.19.53.77,199,246,222,80
104.25.182.131,199,246,223,80
104.21.106.121,203,247,225,80
104.16.85.122,200,253,226,80
104.27.104.206,211,243,227,80
104.22.52.89,202,253,227,80
104.21.100.9,203,253,228,80
162.159.129.197,198,261,229,80
104.19.48.106,222,237,230,80
172.64.149.134,222,243,233,80
172.67.148.156,226,241,234,80
104.19.105.59,228,242,235,80
104.19.5.57,235,239,237,80
104.24.74.154,221,254,238,80
172.67.180.255,228,249,238,80
104.21.200.181,222,256,239,80
104.25.26.63,215,264,239,80
104.20.0.108,226,254,240,80
104.21.103.83,225,257,241,80
104.16.104.230,241,241,241,80
104.19.87.153,217,266,241,80
104.24.234.118,223,262,242,80
172.67.185.156,232,254,243,80
104.25.41.243,241,248,244,80
104.19.109.215,231,262,246,80
172.67.50.194,237,256,246,80
172.67.31.104,244,253,249,80
172.64.148.102,218,282,250,80
104.25.240.36,244,257,250,80
104.25.191.185,244,259,252,80
104.19.27.123,247,259,253,80
104.22.53.63,237,272,255,80
104.24.227.247,229,284,257,80
141.101.120.41,250,267,259,80
172.65.210.150,256,265,261,80
104.27.35.99,261,265,263,80
172.64.93.223,243,296,269,80
172.64.101.170,257,282,269,80
104.25.208.137,275,294,284,80
104.16.202.91,169,169,169,90
104.18.239.149,185,185,185,90
104.19.113.10,195,195,195,90
104.16.189.160,196,196,196,90
104.18.15.160,196,196,196,90
104.25.188.55,197,197,197,90
104.21.89.105,200,200,200,90
104.27.25.79,203,203,203,90
104.16.199.102,203,203,203,90
141.101.123.66,203,203,203,90
172.67.102.95,204,204,204,90
104.19.193.86,205,205,205,90
104.19.102.52,206,206,206,90
172.67.43.198,206,206,206,90
172.64.83.107,207,207,207,90
104.25.59.69,207,207,207,90
104.21.87.17,208,208,208,90
104.18.230.100,208,208,208,90
104.25.190.239,210,210,210,90
104.25.24.199,210,210,210,90
172.67.137.194,213,213,213,90
104.25.235.92,213,213,213,90
104.17.33.223,213,213,213,90
104.21.209.139,215,215,215,90
104.21.98.206,215,215,215,90
104.25.57.235,215,215,215,90
172.67.139.29,216,216,216,90
104.24.65.243,217,217,217,90
104.19.129.5,218,218,218,90
104.21.111.164,218,218,218,90
104.25.139.6,219,219,219,90
104.17.167.68,221,221,221,90
104.21.228.238,222,222,222,90
104.16.101.107,224,224,224,90
104.17.43.65,225,225,225,90
104.17.172.18,228,228,228,90
172.64.231.141,228,228,228,90
104.17.47.207,228,228,228,90
104.25.245.220,228,228,228,90
104.21.68.92,231,231,231,90
104.17.235.214,231,231,231,90
104.21.86.230,233,233,233,90
104.21.212.243,234,234,234,90
104.25.187.57,235,235,235,90
104.25.71.190,238,238,238,90
104.25.248.249,239,239,239,90
104.19.86.42,239,239,239,90
104.21.94.100,240,240,240,90
104.24.30.202,240,240,240,90
104.19.58.155,241,241,241,90
104.16.204.203,241,241,241,90
104.21.91.247,242,242,242,90
104.21.219.31,242,242,242,90
104.17.58.3,244,244,244,90
104.25.127.197,244,244,244,90
172.64.150.102,248,248,248,90
104.16.79.253,248,248,248,90
172.64.69.17,249,249,249,90
172.65.183.236,251,251,251,90
104.19.64.34,251,251,251,90
104.19.21.82,252,252,252,90
172.64.53.184,252,252,252,90
104.18.242.126,253,253,253,90
104.24.71.208,253,253,253,90
104.25.232.117,253,253,253,90
104.21.90.74,253,253,253,90
172.64.100.210,254,254,254,90
104.21.67.109,255,255,255,90
104.24.67.185,255,255,255,90
104.25.244.108,257,257,257,90
104.21.120.42,257,257,257,90
104.24.75.52,259,259,259,90
104.19.46.218,259,259,259,90
104.24.233.202,259,259,259,90
104.21.127.78,260,260,260,90
172.67.94.157,261,261,261,90
104.25.25.143,264,264,264,90
104.25.249.227,265,265,265,90
104.25.255.16,265,265,265,90
104.27.84.24,265,265,265,90
104.19.37.249,266,266,266,90
104.16.109.101,268,268,268,90
104.24.242.147,274,274,274,90
172.67.151.136,278,278,278,90
162.159.27.166,282,282,282,90
172.64.78.12,288,288,288,90
172.64.68.51,291,291,291,90
